Ticket_ID,Customer_Description,Predicted_Fix,Predicted_Module,Confidence_Score,Top_10_Ranked_Fixes
T101,Customer reports login failure on ModuleA,Restart Auth Service,ModuleA,0.96,"['Restart Auth Service', 'Reset password link reissued', 'Permissions updated', 'Synced time server with MFA', 'Fixed token revocation logic', 'Force logout inactive sessions', 'Updated auth middleware', 'Fixed token refresh logic', 'Added token expiration cron', 'Completed i18n catalog']"
T102,Customer unable to reset password,Reset password link reissued,ModuleA,0.94,"['Reset password link reissued', 'Restart Auth Service', 'Synced time server with MFA', 'Permissions updated', 'Fixed token revocation logic', 'Fixed password reset logic', 'Stored token securely', 'Updated auth middleware', 'Completed i18n catalog', 'Revalidated key verification API']"
T103,ModuleB crashes when uploading file,Patch applied for file upload bug,ModuleB,0.95,"['Patch applied for file upload bug', 'Increased file upload limit', 'Enabled image MIME types', 'Fixed file download endpoint', 'Updated mobile API client', 'Handled empty form field', 'Relaxed required field rules', 'Enabled upload buffer', 'Added error boundary', 'Handled unicode gracefully']"
T104,Slow dashboard load in ModuleC,Optimized SQL queries,ModuleC,0.93,"['Optimized SQL queries', 'Improved relevance algorithm', 'Fixed backend exception handler', 'Refactored event streaming', 'Fixed stats polling interval', 'Reduced DOM elements', 'Enabled cache invalidation', 'Refactored search input debounce', 'Corrected filter logic', 'Fixed history API pagination']"
T105,User session timing out early,Extended session timeout config,ModuleA,0.91,"['Extended session timeout config', 'Force logout inactive sessions', 'Restart Auth Service', 'Fixed token refresh logic', 'Fixed token revocation logic', 'Permissions updated', 'Added token expiration cron', 'Stored token securely', 'Updated auth middleware', 'Disabled debug mode in prod']"
T106,Export to PDF not working in ModuleD,Fixed PDF export dependency,ModuleD,0.92,"['Fixed PDF export dependency', 'Corrected invoice template', 'Patched file headers for FF', 'Handled unicode gracefully', 'Set UTF-8 BOM for CSV', 'Tweaked print stylesheet', 'Added watermark layer', 'Reduced label font size', 'Tuned print margins', 'Localized date formatter']"
T107,ModuleB fails intermittently,Added retry logic in backend,ModuleB,0.94,"['Added retry logic in backend', 'Updated mobile API client', 'Enabled image MIME types', 'Patched SSO callback handler', 'Increased upload buffer size', 'Fixed CSV data generation', 'Handled null values in form', 'Re-tuned FCM parameters', 'Handled empty form field', 'Relaxed required field rules']"
T108,ModuleC chart not rendering,Upgraded charting library,ModuleC,0.89,"['Upgraded charting library', 'Used responsive chart library', 'Used dynamic sizing logic', 'Corrected dashboard data endpoint', 'Auto-hide banner after 5s', 'Fixed stats polling interval', 'Enabled websocket push', 'Fixed history API pagination', 'Tuned CSS padding logic', 'Refactored input handler']"
T109,ModuleA multi-factor auth failing,Synced time server with MFA,ModuleA,0.95,"['Synced time server with MFA', 'Restart Auth Service', 'Reset password link reissued', 'Permissions updated', 'Fixed token revocation logic', 'Force logout inactive sessions', 'Updated auth middleware', 'Fixed token refresh logic', 'Added token expiration cron', 'Completed i18n catalog']"
T110,Customer sees error 403 on login,Permissions updated,ModuleA,0.92,"['Permissions updated', 'Restart Auth Service', 'Reset password link reissued', 'Synced time server with MFA', 'Fixed token revocation logic', 'Force logout inactive sessions', 'Updated auth middleware', 'Fixed token refresh logic', 'Added token expiration cron', 'Completed i18n catalog']"
T111,Mobile app not syncing ModuleB data,Updated mobile API client,ModuleB,0.91,"['Updated mobile API client', 'Re-tuned FCM parameters', 'Enabled image MIME types', 'Added retry logic in backend', 'Handled empty form field', 'Fixed feedback endpoint', 'Stored token securely', 'Handled null values in form', 'Updated push token registration', 'Relaxed required field rules']"
T112,ModuleC notifications not triggering,Fixed cron job scheduler,ModuleC,0.89,"['Fixed cron job scheduler', 'Reconfigured SMTP relay', 'Refreshed calendar sync tokens', 'Enabled websocket push', 'Auto-hide banner after 5s', 'Fixed stats polling interval', 'Enabled cache invalidation', 'Repaired task permission logic', 'Fixed history API pagination', 'Used responsive chart library']"
T113,ModuleD UI misaligned in Safari,Added browser-specific CSS fix,ModuleD,0.94,"['Added browser-specific CSS fix', 'Tuned CSS z-index layer', 'Styled scrollbar for dark mode', 'Bound event handler', 'Tuned CSS padding logic', 'Tweaked print stylesheet', 'Corrected invoice template', 'Handled unicode gracefully', 'Localized date formatter', 'Reduced label font size']"
T114,Customer reports logout not working,Fixed token revocation logic,ModuleA,0.93,"['Fixed token revocation logic', 'Restart Auth Service', 'Reset password link reissued', 'Synced time server with MFA', 'Permissions updated', 'Force logout inactive sessions', 'Updated auth middleware', 'Fixed token refresh logic', 'Added token expiration cron', 'Completed i18n catalog']"
T115,ModuleB integration failing with SSO,Patched SSO callback handler,ModuleB,0.92,"['Patched SSO callback handler', 'Updated mobile API client', 'Enabled image MIME types', 'Added retry logic in backend', 'Handled empty form field', 'Fixed feedback endpoint', 'Re-tuned FCM parameters', 'Handled null values in form', 'Stored token securely', 'Relaxed required field rules']"
T116,Dashboard graphs missing,Corrected dashboard data endpoint,ModuleC,0.91,"['Corrected dashboard data endpoint', 'Upgraded charting library', 'Used responsive chart library', 'Used dynamic sizing logic', 'Enabled websocket push', 'Auto-hide banner after 5s', 'Fixed history API pagination', 'Fixed stats polling interval', 'Enabled cache invalidation', 'Repaired task permission logic']"
T117,File size upload limit exceeded error,Increased file upload limit,ModuleB,0.92,"['Increased file upload limit', 'Patch applied for file upload bug', 'Enabled image MIME types', 'Fixed file download endpoint', 'Updated mobile API client', 'Handled empty form field', 'Relaxed required field rules', 'Added retry logic in backend', 'Handled null values in form', 'Added error boundary']"
T118,PDF invoice footer missing,Corrected invoice template,ModuleD,0.90,"['Corrected invoice template', 'Fixed PDF export dependency', 'Handled unicode gracefully', 'Localized date formatter', 'Tweaked print stylesheet', 'Set UTF-8 BOM for CSV', 'Tuned print margins', 'Reduced label font size', 'Patched file headers for FF', 'Added watermark layer']"
T119,Product key invalid error,Revalidated key verification API,ModuleA,0.89,"['Revalidated key verification API', 'Restart Auth Service', 'Permissions updated', 'Fixed token revocation logic', 'Updated auth middleware', 'Fixed token refresh logic', 'Completed i18n catalog', 'Added token expiration cron', 'Reset password link reissued', 'Force logout inactive sessions']"
T120,ModuleC email alerts not received,Reconfigured SMTP relay,ModuleC,0.91,"['Reconfigured SMTP relay', 'Fixed cron job scheduler', 'Enabled websocket push', 'Refreshed calendar sync tokens', 'Auto-hide banner after 5s', 'Repaired task permission logic', 'Corrected dashboard data endpoint', 'Fixed stats polling interval', 'Used responsive chart library', 'Fixed history API pagination']"
